{"SpriteSheetName":"Boss_Laser_after_shoot_transform_back_sprite.png","NoofFrames":65,"0":[0.0,0.8888888955116272,0.125,1.0],"1":[0.125,0.8888888955116272,0.25,1.0],"2":[0.25,0.8888888955116272,0.375,1.0],"3":[0.375,0.8888888955116272,0.5,1.0],"4":[0.5,0.8888888955116272,0.625,1.0],"5":[0.625,0.8888888955116272,0.75,1.0],"6":[0.75,0.8888888955116272,0.875,1.0],"7":[0.875,0.8888888955116272,1.0,1.0],"8":[0.0,0.7777777910232544,0.125,0.8888888955116272],"9":[0.125,0.7777777910232544,0.25,0.8888888955116272],"10":[0.25,0.7777777910232544,0.375,0.8888888955116272],"11":[0.375,0.7777777910232544,0.5,0.8888888955116272],"12":[0.5,0.7777777910232544,0.625,0.8888888955116272],"13":[0.625,0.7777777910232544,0.75,0.8888888955116272],"14":[0.75,0.7777777910232544,0.875,0.8888888955116272],"15":[0.875,0.7777777910232544,1.0,0.8888888955116272],"16":[0.0,0.6666666865348816,0.125,0.7777777910232544],"17":[0.125,0.6666666865348816,0.25,0.7777777910232544],"18":[0.25,0.6666666865348816,0.375,0.7777777910232544],"19":[0.375,0.6666666865348816,0.5,0.7777777910232544],"20":[0.5,0.6666666865348816,0.625,0.7777777910232544],"21":[0.625,0.6666666865348816,0.75,0.7777777910232544],"22":[0.75,0.6666666865348816,0.875,0.7777777910232544],"23":[0.875,0.6666666865348816,1.0,0.7777777910232544],"24":[0.0,0.5555555820465088,0.125,0.6666666865348816],"25":[0.125,0.5555555820465088,0.25,0.6666666865348816],"26":[0.25,0.5555555820465088,0.375,0.6666666865348816],"27":[0.375,0.5555555820465088,0.5,0.6666666865348816],"28":[0.5,0.5555555820465088,0.625,0.6666666865348816],"29":[0.625,0.5555555820465088,0.75,0.6666666865348816],"30":[0.75,0.5555555820465088,0.875,0.6666666865348816],"31":[0.875,0.5555555820465088,1.0,0.6666666865348816],"32":[0.0,0.4444444477558136,0.125,0.5555555820465088],"33":[0.125,0.4444444477558136,0.25,0.5555555820465088],"34":[0.25,0.4444444477558136,0.375,0.5555555820465088],"35":[0.375,0.4444444477558136,0.5,0.5555555820465088],"36":[0.5,0.4444444477558136,0.625,0.5555555820465088],"37":[0.625,0.4444444477558136,0.75,0.5555555820465088],"38":[0.75,0.4444444477558136,0.875,0.5555555820465088],"39":[0.875,0.4444444477558136,1.0,0.5555555820465088],"40":[0.0,0.3333333432674408,0.125,0.4444444477558136],"41":[0.125,0.3333333432674408,0.25,0.4444444477558136],"42":[0.25,0.3333333432674408,0.375,0.4444444477558136],"43":[0.375,0.3333333432674408,0.5,0.4444444477558136],"44":[0.5,0.3333333432674408,0.625,0.4444444477558136],"45":[0.625,0.3333333432674408,0.75,0.4444444477558136],"46":[0.75,0.3333333432674408,0.875,0.4444444477558136],"47":[0.875,0.3333333432674408,1.0,0.4444444477558136],"48":[0.0,0.2222222238779068,0.125,0.3333333432674408],"49":[0.125,0.2222222238779068,0.25,0.3333333432674408],"50":[0.25,0.2222222238779068,0.375,0.3333333432674408],"51":[0.375,0.2222222238779068,0.5,0.3333333432674408],"52":[0.5,0.2222222238779068,0.625,0.3333333432674408],"53":[0.625,0.2222222238779068,0.75,0.3333333432674408],"54":[0.75,0.2222222238779068,0.875,0.3333333432674408],"55":[0.875,0.2222222238779068,1.0,0.3333333432674408],"56":[0.0,0.1111111119389534,0.125,0.2222222238779068],"57":[0.125,0.1111111119389534,0.25,0.2222222238779068],"58":[0.25,0.1111111119389534,0.375,0.2222222238779068],"59":[0.375,0.1111111119389534,0.5,0.2222222238779068],"60":[0.5,0.1111111119389534,0.625,0.2222222238779068],"61":[0.625,0.1111111119389534,0.75,0.2222222238779068],"62":[0.75,0.1111111119389534,0.875,0.2222222238779068],"63":[0.875,0.1111111119389534,1.0,0.2222222238779068],"64":[0.0,0.0,0.125,0.1111111119389534]}