{"SpriteSheetName":"Boss_Rage_idle_death_sprite.png","NoofFrames":128,"0":[0.0,0.9166666865348816,0.09090909361839295,1.0],"1":[0.09090909361839295,0.9166666865348816,0.1818181872367859,1.0],"2":[0.1818181872367859,0.9166666865348816,0.27272728085517886,1.0],"3":[0.27272728085517886,0.9166666865348816,0.3636363744735718,1.0],"4":[0.3636363744735718,0.9166666865348816,0.4545454680919647,1.0],"5":[0.4545454680919647,0.9166666865348816,0.5454545617103577,1.0],"6":[0.5454545617103577,0.9166666865348816,0.6363636255264282,1.0],"7":[0.6363636255264282,0.9166666865348816,0.7272727489471436,1.0],"8":[0.7272727489471436,0.9166666865348816,0.8181818723678589,1.0],"9":[0.8181818723678589,0.9166666865348816,0.9090909361839294,1.0],"10":[0.9090909361839294,0.9166666865348816,1.0,1.0],"11":[0.0,0.8333333730697632,0.09090909361839295,0.9166666865348816],"12":[0.09090909361839295,0.8333333730697632,0.1818181872367859,0.9166666865348816],"13":[0.1818181872367859,0.8333333730697632,0.27272728085517886,0.9166666865348816],"14":[0.27272728085517886,0.8333333730697632,0.3636363744735718,0.9166666865348816],"15":[0.3636363744735718,0.8333333730697632,0.4545454680919647,0.9166666865348816],"16":[0.4545454680919647,0.8333333730697632,0.5454545617103577,0.9166666865348816],"17":[0.5454545617103577,0.8333333730697632,0.6363636255264282,0.9166666865348816],"18":[0.6363636255264282,0.8333333730697632,0.7272727489471436,0.9166666865348816],"19":[0.7272727489471436,0.8333333730697632,0.8181818723678589,0.9166666865348816],"20":[0.8181818723678589,0.8333333730697632,0.9090909361839294,0.9166666865348816],"21":[0.9090909361839294,0.8333333730697632,1.0,0.9166666865348816],"22":[0.0,0.75,0.09090909361839295,0.8333333730697632],"23":[0.09090909361839295,0.75,0.1818181872367859,0.8333333730697632],"24":[0.1818181872367859,0.75,0.27272728085517886,0.8333333730697632],"25":[0.27272728085517886,0.75,0.3636363744735718,0.8333333730697632],"26":[0.3636363744735718,0.75,0.4545454680919647,0.8333333730697632],"27":[0.4545454680919647,0.75,0.5454545617103577,0.8333333730697632],"28":[0.5454545617103577,0.75,0.6363636255264282,0.8333333730697632],"29":[0.6363636255264282,0.75,0.7272727489471436,0.8333333730697632],"30":[0.7272727489471436,0.75,0.8181818723678589,0.8333333730697632],"31":[0.8181818723678589,0.75,0.9090909361839294,0.8333333730697632],"32":[0.9090909361839294,0.75,1.0,0.8333333730697632],"33":[0.0,0.6666666865348816,0.09090909361839295,0.75],"34":[0.09090909361839295,0.6666666865348816,0.1818181872367859,0.75],"35":[0.1818181872367859,0.6666666865348816,0.27272728085517886,0.75],"36":[0.27272728085517886,0.6666666865348816,0.3636363744735718,0.75],"37":[0.3636363744735718,0.6666666865348816,0.4545454680919647,0.75],"38":[0.4545454680919647,0.6666666865348816,0.5454545617103577,0.75],"39":[0.5454545617103577,0.6666666865348816,0.6363636255264282,0.75],"40":[0.6363636255264282,0.6666666865348816,0.7272727489471436,0.75],"41":[0.7272727489471436,0.6666666865348816,0.8181818723678589,0.75],"42":[0.8181818723678589,0.6666666865348816,0.9090909361839294,0.75],"43":[0.9090909361839294,0.6666666865348816,1.0,0.75],"44":[0.0,0.5833333730697632,0.09090909361839295,0.6666666865348816],"45":[0.09090909361839295,0.5833333730697632,0.1818181872367859,0.6666666865348816],"46":[0.1818181872367859,0.5833333730697632,0.27272728085517886,0.6666666865348816],"47":[0.27272728085517886,0.5833333730697632,0.3636363744735718,0.6666666865348816],"48":[0.3636363744735718,0.5833333730697632,0.4545454680919647,0.6666666865348816],"49":[0.4545454680919647,0.5833333730697632,0.5454545617103577,0.6666666865348816],"50":[0.5454545617103577,0.5833333730697632,0.6363636255264282,0.6666666865348816],"51":[0.6363636255264282,0.5833333730697632,0.7272727489471436,0.6666666865348816],"52":[0.7272727489471436,0.5833333730697632,0.8181818723678589,0.6666666865348816],"53":[0.8181818723678589,0.5833333730697632,0.9090909361839294,0.6666666865348816],"54":[0.9090909361839294,0.5833333730697632,1.0,0.6666666865348816],"55":[0.0,0.5,0.09090909361839295,0.5833333730697632],"56":[0.09090909361839295,0.5,0.1818181872367859,0.5833333730697632],"57":[0.1818181872367859,0.5,0.27272728085517886,0.5833333730697632],"58":[0.27272728085517886,0.5,0.3636363744735718,0.5833333730697632],"59":[0.3636363744735718,0.5,0.4545454680919647,0.5833333730697632],"60":[0.4545454680919647,0.5,0.5454545617103577,0.5833333730697632],"61":[0.5454545617103577,0.5,0.6363636255264282,0.5833333730697632],"62":[0.6363636255264282,0.5,0.7272727489471436,0.5833333730697632],"63":[0.7272727489471436,0.5,0.8181818723678589,0.5833333730697632],"64":[0.8181818723678589,0.5,0.9090909361839294,0.5833333730697632],"65":[0.9090909361839294,0.5,1.0,0.5833333730697632],"66":[0.0,0.4166666865348816,0.09090909361839295,0.5],"67":[0.09090909361839295,0.4166666865348816,0.1818181872367859,0.5],"68":[0.1818181872367859,0.4166666865348816,0.27272728085517886,0.5],"69":[0.27272728085517886,0.4166666865348816,0.3636363744735718,0.5],"70":[0.3636363744735718,0.4166666865348816,0.4545454680919647,0.5],"71":[0.4545454680919647,0.4166666865348816,0.5454545617103577,0.5],"72":[0.5454545617103577,0.4166666865348816,0.6363636255264282,0.5],"73":[0.6363636255264282,0.4166666865348816,0.7272727489471436,0.5],"74":[0.7272727489471436,0.4166666865348816,0.8181818723678589,0.5],"75":[0.8181818723678589,0.4166666865348816,0.9090909361839294,0.5],"76":[0.9090909361839294,0.4166666865348816,1.0,0.5],"77":[0.0,0.3333333432674408,0.09090909361839295,0.4166666865348816],"78":[0.09090909361839295,0.3333333432674408,0.1818181872367859,0.4166666865348816],"79":[0.1818181872367859,0.3333333432674408,0.27272728085517886,0.4166666865348816],"80":[0.27272728085517886,0.3333333432674408,0.3636363744735718,0.4166666865348816],"81":[0.3636363744735718,0.3333333432674408,0.4545454680919647,0.4166666865348816],"82":[0.4545454680919647,0.3333333432674408,0.5454545617103577,0.4166666865348816],"83":[0.5454545617103577,0.3333333432674408,0.6363636255264282,0.4166666865348816],"84":[0.6363636255264282,0.3333333432674408,0.7272727489471436,0.4166666865348816],"85":[0.7272727489471436,0.3333333432674408,0.8181818723678589,0.4166666865348816],"86":[0.8181818723678589,0.3333333432674408,0.9090909361839294,0.4166666865348816],"87":[0.9090909361839294,0.3333333432674408,1.0,0.4166666865348816],"88":[0.0,0.25,0.09090909361839295,0.3333333432674408],"89":[0.09090909361839295,0.25,0.1818181872367859,0.3333333432674408],"90":[0.1818181872367859,0.25,0.27272728085517886,0.3333333432674408],"91":[0.27272728085517886,0.25,0.3636363744735718,0.3333333432674408],"92":[0.3636363744735718,0.25,0.4545454680919647,0.3333333432674408],"93":[0.4545454680919647,0.25,0.5454545617103577,0.3333333432674408],"94":[0.5454545617103577,0.25,0.6363636255264282,0.3333333432674408],"95":[0.6363636255264282,0.25,0.7272727489471436,0.3333333432674408],"96":[0.7272727489471436,0.25,0.8181818723678589,0.3333333432674408],"97":[0.8181818723678589,0.25,0.9090909361839294,0.3333333432674408],"98":[0.9090909361839294,0.25,1.0,0.3333333432674408],"99":[0.0,0.1666666716337204,0.09090909361839295,0.25],"100":[0.09090909361839295,0.1666666716337204,0.1818181872367859,0.25],"101":[0.1818181872367859,0.1666666716337204,0.27272728085517886,0.25],"102":[0.27272728085517886,0.1666666716337204,0.3636363744735718,0.25],"103":[0.3636363744735718,0.1666666716337204,0.4545454680919647,0.25],"104":[0.4545454680919647,0.1666666716337204,0.5454545617103577,0.25],"105":[0.5454545617103577,0.1666666716337204,0.6363636255264282,0.25],"106":[0.6363636255264282,0.1666666716337204,0.7272727489471436,0.25],"107":[0.7272727489471436,0.1666666716337204,0.8181818723678589,0.25],"108":[0.8181818723678589,0.1666666716337204,0.9090909361839294,0.25],"109":[0.9090909361839294,0.1666666716337204,1.0,0.25],"110":[0.0,0.0833333358168602,0.09090909361839295,0.1666666716337204],"111":[0.09090909361839295,0.0833333358168602,0.1818181872367859,0.1666666716337204],