{"SpriteSheetName":"Boss_Shoot_style_low_HP_sprite.png","NoofFrames":17,"0":[0.0,0.800000011920929,0.25,1.0],"1":[0.25,0.800000011920929,0.5,1.0],"2":[0.5,0.800000011920929,0.75,1.0],"3":[0.75,0.800000011920929,1.0,1.0],"4":[0.0,0.6000000238418579,0.25,0.800000011920929],"5":[0.25,0.6000000238418579,0.5,0.800000011920929],"6":[0.5,0.6000000238418579,0.75,0.800000011920929],"7":[0.75,0.6000000238418579,1.0,0.800000011920929],"8":[0.0,0.4000000059604645,0.25,0.6000000238418579],"9":[0.25,0.4000000059604645,0.5,0.6000000238418579],"10":[0.5,0.4000000059604645,0.75,0.6000000238418579],"11":[0.75,0.4000000059604645,1.0,0.6000000238418579],"12":[0.0,0.20000000298023225,0.25,0.4000000059604645],"13":[0.25,0.20000000298023225,0.5,0.4000000059604645],"14":[0.5,0.20000000298023225,0.75,0.4000000059604645],"15":[0.75,0.20000000298023225,1.0,0.4000000059604645],"16":[0.0,0.0,0.25,0.20000000298023225]}