{"SpriteSheetName":"Boss_inactive_to_active_sprite.png","NoofFrames":29,"0":[0.0,0.8333333730697632,0.20000000298023225,1.0],"1":[0.20000000298023225,0.8333333730697632,0.4000000059604645,1.0],"2":[0.4000000059604645,0.8333333730697632,0.6000000238418579,1.0],"3":[0.6000000238418579,0.8333333730697632,0.800000011920929,1.0],"4":[0.800000011920929,0.8333333730697632,1.0,1.0],"5":[0.0,0.6666666865348816,0.20000000298023225,0.8333333730697632],"6":[0.20000000298023225,0.6666666865348816,0.4000000059604645,0.8333333730697632],"7":[0.4000000059604645,0.6666666865348816,0.6000000238418579,0.8333333730697632],"8":[0.6000000238418579,0.6666666865348816,0.800000011920929,0.8333333730697632],"9":[0.800000011920929,0.6666666865348816,1.0,0.8333333730697632],"10":[0.0,0.5,0.20000000298023225,0.6666666865348816],"11":[0.20000000298023225,0.5,0.4000000059604645,0.6666666865348816],"12":[0.4000000059604645,0.5,0.6000000238418579,0.6666666865348816],"13":[0.6000000238418579,0.5,0.800000011920929,0.6666666865348816],"14":[0.800000011920929,0.5,1.0,0.6666666865348816],"15":[0.0,0.3333333432674408,0.20000000298023225,0.5],"16":[0.20000000298023225,0.3333333432674408,0.4000000059604645,0.5],"17":[0.4000000059604645,0.3333333432674408,0.6000000238418579,0.5],"18":[0.6000000238418579,0.3333333432674408,0.800000011920929,0.5],"19":[0.800000011920929,0.3333333432674408,1.0,0.5],"20":[0.0,0.1666666716337204,0.20000000298023225,0.3333333432674408],"21":[0.20000000298023225,0.1666666716337204,0.4000000059604645,0.3333333432674408],"22":[0.4000000059604645,0.1666666716337204,0.6000000238418579,0.3333333432674408],"23":[0.6000000238418579,0.1666666716337204,0.800000011920929,0.3333333432674408],"24":[0.800000011920929,0.1666666716337204,1.0,0.3333333432674408],"25":[0.0,0.0,0.20000000298023225,0.1666666716337204],"26":[0.20000000298023225,0.0,0.4000000059604645,0.1666666716337204],"27":[0.4000000059604645,0.0,0.6000000238418579,0.1666666716337204],"28":[0.6000000238418579,0.0,0.800000011920929,0.1666666716337204]}