{"SpriteSheetName":"Boss_Rage_idle_sprite.png","NoofFrames":33,"0":[0.0,0.8333333730697632,0.1666666716337204,1.0],"1":[0.1666666716337204,0.8333333730697632,0.3333333432674408,1.0],"2":[0.3333333432674408,0.8333333730697632,0.5,1.0],"3":[0.5,0.8333333730697632,0.6666666865348816,1.0],"4":[0.6666666865348816,0.8333333730697632,0.8333333730697632,1.0],"5":[0.8333333730697632,0.8333333730697632,1.0,1.0],"6":[0.0,0.6666666865348816,0.1666666716337204,0.8333333730697632],"7":[0.1666666716337204,0.6666666865348816,0.3333333432674408,0.8333333730697632],"8":[0.3333333432674408,0.6666666865348816,0.5,0.8333333730697632],"9":[0.5,0.6666666865348816,0.6666666865348816,0.8333333730697632],"10":[0.6666666865348816,0.6666666865348816,0.8333333730697632,0.8333333730697632],"11":[0.8333333730697632,0.6666666865348816,1.0,0.8333333730697632],"12":[0.0,0.5,0.1666666716337204,0.6666666865348816],"13":[0.1666666716337204,0.5,0.3333333432674408,0.6666666865348816],"14":[0.3333333432674408,0.5,0.5,0.6666666865348816],"15":[0.5,0.5,0.6666666865348816,0.6666666865348816],"16":[0.6666666865348816,0.5,0.8333333730697632,0.6666666865348816],"17":[0.8333333730697632,0.5,1.0,0.6666666865348816],"18":[0.0,0.3333333432674408,0.1666666716337204,0.5],"19":[0.1666666716337204,0.3333333432674408,0.3333333432674408,0.5],"20":[0.3333333432674408,0.3333333432674408,0.5,0.5],"21":[0.5,0.3333333432674408,0.6666666865348816,0.5],"22":[0.6666666865348816,0.3333333432674408,0.8333333730697632,0.5],"23":[0.8333333730697632,0.3333333432674408,1.0,0.5],"24":[0.0,0.1666666716337204,0.1666666716337204,0.3333333432674408],"25":[0.1666666716337204,0.1666666716337204,0.3333333432674408,0.3333333432674408],"26":[0.3333333432674408,0.1666666716337204,0.5,0.3333333432674408],"27":[0.5,0.1666666716337204,0.6666666865348816,0.3333333432674408],"28":[0.6666666865348816,0.1666666716337204,0.8333333730697632,0.3333333432674408],"29":[0.8333333730697632,0.1666666716337204,1.0,0.3333333432674408],"30":[0.0,0.0,0.1666666716337204,0.1666666716337204],"31":[0.1666666716337204,0.0,0.3333333432674408,0.1666666716337204],"32":[0.3333333432674408,0.0,0.5,0.1666666716337204]}