{"SpriteSheetName":"Boss_Trigger_Smoke_sprite.png","NoofFrames":108,"0":[0.0,0.9000000357627869,0.09090909361839295,1.0],"1":[0.09090909361839295,0.9000000357627869,0.1818181872367859,1.0],"2":[0.1818181872367859,0.9000000357627869,0.27272728085517886,1.0],"3":[0.27272728085517886,0.9000000357627869,0.3636363744735718,1.0],"4":[0.3636363744735718,0.9000000357627869,0.4545454680919647,1.0],"5":[0.4545454680919647,0.9000000357627869,0.5454545617103577,1.0],"6":[0.5454545617103577,0.9000000357627869,0.6363636255264282,1.0],"7":[0.6363636255264282,0.9000000357627869,0.7272727489471436,1.0],"8":[0.7272727489471436,0.9000000357627869,0.8181818723678589,1.0],"9":[0.8181818723678589,0.9000000357627869,0.9090909361839294,1.0],"10":[0.9090909361839294,0.9000000357627869,1.0,1.0],"11":[0.0,0.800000011920929,0.09090909361839295,0.9000000357627869],"12":[0.09090909361839295,0.800000011920929,0.1818181872367859,0.9000000357627869],"13":[0.1818181872367859,0.800000011920929,0.27272728085517886,0.9000000357627869],"14":[0.27272728085517886,0.800000011920929,0.3636363744735718,0.9000000357627869],"15":[0.3636363744735718,0.800000011920929,0.4545454680919647,0.9000000357627869],"16":[0.4545454680919647,0.800000011920929,0.5454545617103577,0.9000000357627869],"17":[0.5454545617103577,0.800000011920929,0.6363636255264282,0.9000000357627869],"18":[0.6363636255264282,0.800000011920929,0.7272727489471436,0.9000000357627869],"19":[0.7272727489471436,0.800000011920929,0.8181818723678589,0.9000000357627869],"20":[0.8181818723678589,0.800000011920929,0.9090909361839294,0.9000000357627869],"21":[0.9090909361839294,0.800000011920929,1.0,0.9000000357627869],"22":[0.0,0.699999988079071,0.09090909361839295,0.800000011920929],"23":[0.09090909361839295,0.699999988079071,0.1818181872367859,0.800000011920929],"24":[0.1818181872367859,0.699999988079071,0.27272728085517886,0.800000011920929],"25":[0.27272728085517886,0.699999988079071,0.3636363744735718,0.800000011920929],"26":[0.3636363744735718,0.699999988079071,0.4545454680919647,0.800000011920929],"27":[0.4545454680919647,0.699999988079071,0.5454545617103577,0.800000011920929],"28":[0.5454545617103577,0.699999988079071,0.6363636255264282,0.800000011920929],"29":[0.6363636255264282,0.699999988079071,0.7272727489471436,0.800000011920929],"30":[0.7272727489471436,0.699999988079071,0.8181818723678589,0.800000011920929],"31":[0.8181818723678589,0.699999988079071,0.9090909361839294,0.800000011920929],"32":[0.9090909361839294,0.699999988079071,1.0,0.800000011920929],"33":[0.0,0.6000000238418579,0.09090909361839295,0.699999988079071],"34":[0.09090909361839295,0.6000000238418579,0.1818181872367859,0.699999988079071],"35":[0.1818181872367859,0.6000000238418579,0.27272728085517886,0.699999988079071],"36":[0.27272728085517886,0.6000000238418579,0.3636363744735718,0.699999988079071],"37":[0.3636363744735718,0.6000000238418579,0.4545454680919647,0.699999988079071],"38":[0.4545454680919647,0.6000000238418579,0.5454545617103577,0.699999988079071],"39":[0.5454545617103577,0.6000000238418579,0.6363636255264282,0.699999988079071],"40":[0.6363636255264282,0.6000000238418579,0.7272727489471436,0.699999988079071],"41":[0.7272727489471436,0.6000000238418579,0.8181818723678589,0.699999988079071],"42":[0.8181818723678589,0.6000000238418579,0.9090909361839294,0.699999988079071],"43":[0.9090909361839294,0.6000000238418579,1.0,0.699999988079071],"44":[0.0,0.5,0.09090909361839295,0.6000000238418579],"45":[0.09090909361839295,0.5,0.1818181872367859,0.6000000238418579],"46":[0.1818181872367859,0.5,0.27272728085517886,0.6000000238418579],"47":[0.27272728085517886,0.5,0.3636363744735718,0.6000000238418579],"48":[0.3636363744735718,0.5,0.4545454680919647,0.6000000238418579],"49":[0.4545454680919647,0.5,0.5454545617103577,0.6000000238418579],"50":[0.5454545617103577,0.5,0.6363636255264282,0.6000000238418579],"51":[0.6363636255264282,0.5,0.7272727489471436,0.6000000238418579],"52":[0.7272727489471436,0.5,0.8181818723678589,0.6000000238418579],"53":[0.8181818723678589,0.5,0.9090909361839294,0.6000000238418579],"54":[0.9090909361839294,0.5,1.0,0.6000000238418579],"55":[0.0,0.4000000059604645,0.09090909361839295,0.5],"56":[0.09090909361839295,0.4000000059604645,0.1818181872367859,0.5],"57":[0.1818181872367859,0.4000000059604645,0.27272728085517886,0.5],"58":[0.27272728085517886,0.4000000059604645,0.3636363744735718,0.5],"59":[0.3636363744735718,0.4000000059604645,0.4545454680919647,0.5],"60":[0.4545454680919647,0.4000000059604645,0.5454545617103577,0.5],"61":[0.5454545617103577,0.4000000059604645,0.6363636255264282,0.5],"62":[0.6363636255264282,0.4000000059604645,0.7272727489471436,0.5],"63":[0.7272727489471436,0.4000000059604645,0.8181818723678589,0.5],"64":[0.8181818723678589,0.4000000059604645,0.9090909361839294,0.5],"65":[0.9090909361839294,0.4000000059604645,1.0,0.5],"66":[0.0,0.30000001192092898,0.09090909361839295,0.4000000059604645],"67":[0.09090909361839295,0.30000001192092898,0.1818181872367859,0.4000000059604645],"68":[0.1818181872367859,0.30000001192092898,0.27272728085517886,0.4000000059604645],"69":[0.27272728085517886,0.30000001192092898,0.3636363744735718,0.4000000059604645],"70":[0.3636363744735718,0.30000001192092898,0.4545454680919647,0.4000000059604645],"71":[0.4545454680919647,0.30000001192092898,0.5454545617103577,0.4000000059604645],"72":[0.5454545617103577,0.30000001192092898,0.6363636255264282,0.4000000059604645],"73":[0.6363636255264282,0.30000001192092898,0.7272727489471436,0.4000000059604645],"74":[0.7272727489471436,0.30000001192092898,0.8181818723678589,0.4000000059604645],"75":[0.8181818723678589,0.30000001192092898,0.9090909361839294,0.4000000059604645],"76":[0.9090909361839294,0.30000001192092898,1.0,0.4000000059604645],"77":[0.0,0.20000000298023225,0.09090909361839295,0.30000001192092898],"78":[0.09090909361839295,0.20000000298023225,0.1818181872367859,0.30000001192092898],"79":[0.1818181872367859,0.20000000298023225,0.27272728085517886,0.30000001192092898],"80":[0.27272728085517886,0.20000000298023225,0.3636363744735718,0.30000001192092898],"81":[0.3636363744735718,0.20000000298023225,0.4545454680919647,0.30000001192092898],"82":[0.4545454680919647,0.20000000298023225,0.5454545617103577,0.30000001192092898],"83":[0.5454545617103577,0.20000000298023225,0.6363636255264282,0.30000001192092898],"84":[0.6363636255264282,0.20000000298023225,0.7272727489471436,0.30000001192092898],"85":[0.7272727489471436,0.20000000298023225,0.8181818723678589,0.30000001192092898],"86":[0.8181818723678589,0.20000000298023225,0.9090909361839294,0.30000001192092898],"87":[0.9090909361839294,0.20000000298023225,1.0,0.30000001192092898],"88":[0.0,0.10000000149011612,0.09090909361839295,0.20000000298023225],"89":[0.09090909361839295,0.10000000149011612,0.1818181872367859,0.20000000298023225],"90":[0.1818181872367859,0.10000000149011612,0.27272728085517886,0.20000000298023225],"91":[0.27272728085517886,0.10000000149011612,0.3636363744735718,0.20000000298023225],"92":[0.3636363744735718,0.10000000149011612,0.4545454680919647,0.20000000298023225],"93":[0.4545454680919647,0.10000000149011612,0.5454545617103577,0.20000000298023225],"94":[0.5454545617103577,0.10000000149011612,0.6363636255264282,0.20000000298023225],"95":[0.6363636255264282,0.10000000149011612,0.7272727489471436,0.20000000298023225],"96":[0.7272727489471436,0.10000000149011612,0.8181818723678589,0.20000000298023225],"97":[0.8181818723678589,0.10000000149011612,0.9090909361839294,0.20000000298023225],"98":[0.9090909361839294,0.10000000149011612,1.0,0.20000000298023225],"99":[0.0,0.0,0.09090909361839295,0.10000000149011612],"100":[0.09090909361839295,0.0,0.1818181872367859,0.10000000149011612],"101":[0.1818181872367859,0.0,0.27272728085517886,0.10000000149011612],"102":[0.27272728085517886,0.0,0.3636363744735718,0.10000000149011612],"103":[0.3636363744735718,0.0,0.4545454680919647,0.10000000149011612],"104":[0.4545454680919647,0.0,0.5454545617103577,0.10000000149011612],