{"SpriteSheetName":"Boss_rage_transform_to_shoot_style_sprite2.png","NoofFrames":11,"0":[0.0,0.6666666865348816,0.25,1.0],"1":[0.25,0.6666666865348816,0.5,1.0],"2":[0.5,0.6666666865348816,0.75,1.0],"3":[0.75,0.6666666865348816,1.0,1.0],"4":[0.0,0.3333333432674408,0.25,0.6666666865348816],"5":[0.25,0.3333333432674408,0.5,0.6666666865348816],"6":[0.5,0.3333333432674408,0.75,0.6666666865348816],"7":[0.75,0.3333333432674408,1.0,0.6666666865348816],"8":[0.0,0.0,0.25,0.3333333432674408],"9":[0.25,0.0,0.5,0.3333333432674408],"10":[0.5,0.0,0.75,0.3333333432674408]}