{"SpriteSheetName":"Boss_Shoot_style_Death_sprite.png","NoofFrames":96,"0":[0.0,0.9000000357627869,0.10000000149011612,1.0],"1":[0.10000000149011612,0.9000000357627869,0.20000000298023225,1.0],"2":[0.20000000298023225,0.9000000357627869,0.30000001192092898,1.0],"3":[0.30000001192092898,0.9000000357627869,0.4000000059604645,1.0],"4":[0.4000000059604645,0.9000000357627869,0.5,1.0],"5":[0.5,0.9000000357627869,0.6000000238418579,1.0],"6":[0.6000000238418579,0.9000000357627869,0.699999988079071,1.0],"7":[0.699999988079071,0.9000000357627869,0.800000011920929,1.0],"8":[0.800000011920929,0.9000000357627869,0.9000000357627869,1.0],"9":[0.9000000357627869,0.9000000357627869,1.0,1.0],"10":[0.0,0.800000011920929,0.10000000149011612,0.9000000357627869],"11":[0.10000000149011612,0.800000011920929,0.20000000298023225,0.9000000357627869],"12":[0.20000000298023225,0.800000011920929,0.30000001192092898,0.9000000357627869],"13":[0.30000001192092898,0.800000011920929,0.4000000059604645,0.9000000357627869],"14":[0.4000000059604645,0.800000011920929,0.5,0.9000000357627869],"15":[0.5,0.800000011920929,0.6000000238418579,0.9000000357627869],"16":[0.6000000238418579,0.800000011920929,0.699999988079071,0.9000000357627869],"17":[0.699999988079071,0.800000011920929,0.800000011920929,0.9000000357627869],"18":[0.800000011920929,0.800000011920929,0.9000000357627869,0.9000000357627869],"19":[0.9000000357627869,0.800000011920929,1.0,0.9000000357627869],"20":[0.0,0.699999988079071,0.10000000149011612,0.800000011920929],"21":[0.10000000149011612,0.699999988079071,0.20000000298023225,0.800000011920929],"22":[0.20000000298023225,0.699999988079071,0.30000001192092898,0.800000011920929],"23":[0.30000001192092898,0.699999988079071,0.4000000059604645,0.800000011920929],"24":[0.4000000059604645,0.699999988079071,0.5,0.800000011920929],"25":[0.5,0.699999988079071,0.6000000238418579,0.800000011920929],"26":[0.6000000238418579,0.699999988079071,0.699999988079071,0.800000011920929],"27":[0.699999988079071,0.699999988079071,0.800000011920929,0.800000011920929],"28":[0.800000011920929,0.699999988079071,0.9000000357627869,0.800000011920929],"29":[0.9000000357627869,0.699999988079071,1.0,0.800000011920929],"30":[0.0,0.6000000238418579,0.10000000149011612,0.699999988079071],"31":[0.10000000149011612,0.6000000238418579,0.20000000298023225,0.699999988079071],"32":[0.20000000298023225,0.6000000238418579,0.30000001192092898,0.699999988079071],"33":[0.30000001192092898,0.6000000238418579,0.4000000059604645,0.699999988079071],"34":[0.4000000059604645,0.6000000238418579,0.5,0.699999988079071],"35":[0.5,0.6000000238418579,0.6000000238418579,0.699999988079071],"36":[0.6000000238418579,0.6000000238418579,0.699999988079071,0.699999988079071],"37":[0.699999988079071,0.6000000238418579,0.800000011920929,0.699999988079071],"38":[0.800000011920929,0.6000000238418579,0.9000000357627869,0.699999988079071],"39":[0.9000000357627869,0.6000000238418579,1.0,0.699999988079071],"40":[0.0,0.5,0.10000000149011612,0.6000000238418579],"41":[0.10000000149011612,0.5,0.20000000298023225,0.6000000238418579],"42":[0.20000000298023225,0.5,0.30000001192092898,0.6000000238418579],"43":[0.30000001192092898,0.5,0.4000000059604645,0.6000000238418579],"44":[0.4000000059604645,0.5,0.5,0.6000000238418579],"45":[0.5,0.5,0.6000000238418579,0.6000000238418579],"46":[0.6000000238418579,0.5,0.699999988079071,0.6000000238418579],"47":[0.699999988079071,0.5,0.800000011920929,0.6000000238418579],"48":[0.800000011920929,0.5,0.9000000357627869,0.6000000238418579],"49":[0.9000000357627869,0.5,1.0,0.6000000238418579],"50":[0.0,0.4000000059604645,0.10000000149011612,0.5],"51":[0.10000000149011612,0.4000000059604645,0.20000000298023225,0.5],"52":[0.20000000298023225,0.4000000059604645,0.30000001192092898,0.5],"53":[0.30000001192092898,0.4000000059604645,0.4000000059604645,0.5],"54":[0.4000000059604645,0.4000000059604645,0.5,0.5],"55":[0.5,0.4000000059604645,0.6000000238418579,0.5],"56":[0.6000000238418579,0.4000000059604645,0.699999988079071,0.5],"57":[0.699999988079071,0.4000000059604645,0.800000011920929,0.5],"58":[0.800000011920929,0.4000000059604645,0.9000000357627869,0.5],"59":[0.9000000357627869,0.4000000059604645,1.0,0.5],"60":[0.0,0.30000001192092898,0.10000000149011612,0.4000000059604645],"61":[0.10000000149011612,0.30000001192092898,0.20000000298023225,0.4000000059604645],"62":[0.20000000298023225,0.30000001192092898,0.30000001192092898,0.4000000059604645],"63":[0.30000001192092898,0.30000001192092898,0.4000000059604645,0.4000000059604645],"64":[0.4000000059604645,0.30000001192092898,0.5,0.4000000059604645],"65":[0.5,0.30000001192092898,0.6000000238418579,0.4000000059604645],"66":[0.6000000238418579,0.30000001192092898,0.699999988079071,0.4000000059604645],"67":[0.699999988079071,0.30000001192092898,0.800000011920929,0.4000000059604645],"68":[0.800000011920929,0.30000001192092898,0.9000000357627869,0.4000000059604645],"69":[0.9000000357627869,0.30000001192092898,1.0,0.4000000059604645],"70":[0.0,0.20000000298023225,0.10000000149011612,0.30000001192092898],"71":[0.10000000149011612,0.20000000298023225,0.20000000298023225,0.30000001192092898],"72":[0.20000000298023225,0.20000000298023225,0.30000001192092898,0.30000001192092898],"73":[0.30000001192092898,0.20000000298023225,0.4000000059604645,0.30000001192092898],"74":[0.4000000059604645,0.20000000298023225,0.5,0.30000001192092898],"75":[0.5,0.20000000298023225,0.6000000238418579,0.30000001192092898],"76":[0.6000000238418579,0.20000000298023225,0.699999988079071,0.30000001192092898],"77":[0.699999988079071,0.20000000298023225,0.800000011920929,0.30000001192092898],"78":[0.800000011920929,0.20000000298023225,0.9000000357627869,0.30000001192092898],"79":[0.9000000357627869,0.20000000298023225,1.0,0.30000001192092898],"80":[0.0,0.10000000149011612,0.10000000149011612,0.20000000298023225],"81":[0.10000000149011612,0.10000000149011612,0.20000000298023225,0.20000000298023225],"82":[0.20000000298023225,0.10000000149011612,0.30000001192092898,0.20000000298023225],"83":[0.30000001192092898,0.10000000149011612,0.4000000059604645,0.20000000298023225],"84":[0.4000000059604645,0.10000000149011612,0.5,0.20000000298023225],"85":[0.5,0.10000000149011612,0.6000000238418579,0.20000000298023225],"86":[0.6000000238418579,0.10000000149011612,0.699999988079071,0.20000000298023225],"87":[0.699999988079071,0.10000000149011612,0.800000011920929,0.20000000298023225],"88":[0.800000011920929,0.10000000149011612,0.9000000357627869,0.20000000298023225],"89":[0.9000000357627869,0.10000000149011612,1.0,0.20000000298023225],"90":[0.0,0.0,0.10000000149011612,0.10000000149011612],"91":[0.10000000149011612,0.0,0.20000000298023225,0.10000000149011612],"92":[0.20000000298023225,0.0,0.30000001192092898,0.10000000149011612],"93":[0.30000001192092898,0.0,0.4000000059604645,0.10000000149011612],"94":[0.4000000059604645,0.0,0.5,0.10000000149011612],"95":[0.5,0.0,0.6000000238418579,0.10000000149011612]}