{"SpriteSheetName":"Boss_Trigger_Smoke_sprite.png","NoofFrames":108,"0":[0.0,0.9090909361839294,0.09090909361839295,1.0],"1":[0.09090909361839295,0.9090909361839294,0.1818181872367859,1.0],"2":[0.1818181872367859,0.9090909361839294,0.27272728085517886,1.0],"3":[0.27272728085517886,0.9090909361839294,0.3636363744735718,1.0],"4":[0.3636363744735718,0.9090909361839294,0.4545454680919647,1.0],"5":[0.4545454680919647,0.9090909361839294,0.5454545617103577,1.0],"6":[0.5454545617103577,0.9090909361839294,0.6363636255264282,1.0],"7":[0.6363636255264282,0.9090909361839294,0.7272727489471436,1.0],"8":[0.7272727489471436,0.9090909361839294,0.8181818723678589,1.0],"9":[0.8181818723678589,0.9090909361839294,0.9090909361839294,1.0],"10":[0.9090909361839294,0.9090909361839294,1.0,1.0],"11":[0.0,0.8181818723678589,0.09090909361839295,0.9090909361839294],"12":[0.09090909361839295,0.8181818723678589,0.1818181872367859,0.9090909361839294],"13":[0.1818181872367859,0.8181818723678589,0.27272728085517886,0.9090909361839294],"14":[0.27272728085517886,0.8181818723678589,0.3636363744735718,0.9090909361839294],"15":[0.3636363744735718,0.8181818723678589,0.4545454680919647,0.9090909361839294],"16":[0.4545454680919647,0.8181818723678589,0.5454545617103577,0.9090909361839294],"17":[0.5454545617103577,0.8181818723678589,0.6363636255264282,0.9090909361839294],"18":[0.6363636255264282,0.8181818723678589,0.7272727489471436,0.9090909361839294],"19":[0.7272727489471436,0.8181818723678589,0.8181818723678589,0.9090909361839294],"20":[0.8181818723678589,0.8181818723678589,0.9090909361839294,0.9090909361839294],"21":[0.9090909361839294,0.8181818723678589,1.0,0.9090909361839294],"22":[0.0,0.7272727489471436,0.09090909361839295,0.8181818723678589],"23":[0.09090909361839295,0.7272727489471436,0.1818181872367859,0.8181818723678589],"24":[0.1818181872367859,0.7272727489471436,0.27272728085517886,0.8181818723678589],"25":[0.27272728085517886,0.7272727489471436,0.3636363744735718,0.8181818723678589],"26":[0.3636363744735718,0.7272727489471436,0.4545454680919647,0.8181818723678589],"27":[0.4545454680919647,0.7272727489471436,0.5454545617103577,0.8181818723678589],"28":[0.5454545617103577,0.7272727489471436,0.6363636255264282,0.8181818723678589],"29":[0.6363636255264282,0.7272727489471436,0.7272727489471436,0.8181818723678589],"30":[0.7272727489471436,0.7272727489471436,0.8181818723678589,0.8181818723678589],"31":[0.8181818723678589,0.7272727489471436,0.9090909361839294,0.8181818723678589],"32":[0.9090909361839294,0.7272727489471436,1.0,0.8181818723678589],"33":[0.0,0.6363636255264282,0.09090909361839295,0.7272727489471436],"34":[0.09090909361839295,0.6363636255264282,0.1818181872367859,0.7272727489471436],"35":[0.1818181872367859,0.6363636255264282,0.27272728085517886,0.7272727489471436],"36":[0.27272728085517886,0.6363636255264282,0.3636363744735718,0.7272727489471436],"37":[0.3636363744735718,0.6363636255264282,0.4545454680919647,0.7272727489471436],"38":[0.4545454680919647,0.6363636255264282,0.5454545617103577,0.7272727489471436],"39":[0.5454545617103577,0.6363636255264282,0.6363636255264282,0.7272727489471436],"40":[0.6363636255264282,0.6363636255264282,0.7272727489471436,0.7272727489471436],"41":[0.7272727489471436,0.6363636255264282,0.8181818723678589,0.7272727489471436],"42":[0.8181818723678589,0.6363636255264282,0.9090909361839294,0.7272727489471436],"43":[0.9090909361839294,0.6363636255264282,1.0,0.7272727489471436],"44":[0.0,0.5454545617103577,0.09090909361839295,0.6363636255264282],"45":[0.09090909361839295,0.5454545617103577,0.1818181872367859,0.6363636255264282],"46":[0.1818181872367859,0.5454545617103577,0.27272728085517886,0.6363636255264282],"47":[0.27272728085517886,0.5454545617103577,0.3636363744735718,0.6363636255264282],"48":[0.3636363744735718,0.5454545617103577,0.4545454680919647,0.6363636255264282],"49":[0.4545454680919647,0.5454545617103577,0.5454545617103577,0.6363636255264282],"50":[0.5454545617103577,0.5454545617103577,0.6363636255264282,0.6363636255264282],"51":[0.6363636255264282,0.5454545617103577,0.7272727489471436,0.6363636255264282],"52":[0.7272727489471436,0.5454545617103577,0.8181818723678589,0.6363636255264282],"53":[0.8181818723678589,0.5454545617103577,0.9090909361839294,0.6363636255264282],"54":[0.9090909361839294,0.5454545617103577,1.0,0.6363636255264282],"55":[0.0,0.4545454680919647,0.09090909361839295,0.5454545617103577],"56":[0.09090909361839295,0.4545454680919647,0.1818181872367859,0.5454545617103577],"57":[0.1818181872367859,0.4545454680919647,0.27272728085517886,0.5454545617103577],"58":[0.27272728085517886,0.4545454680919647,0.3636363744735718,0.5454545617103577],"59":[0.3636363744735718,0.4545454680919647,0.4545454680919647,0.5454545617103577],"60":[0.4545454680919647,0.4545454680919647,0.5454545617103577,0.5454545617103577],"61":[0.5454545617103577,0.4545454680919647,0.6363636255264282,0.5454545617103577],"62":[0.6363636255264282,0.4545454680919647,0.7272727489471436,0.5454545617103577],"63":[0.7272727489471436,0.4545454680919647,0.8181818723678589,0.5454545617103577],"64":[0.8181818723678589,0.4545454680919647,0.9090909361839294,0.5454545617103577],"65":[0.9090909361839294,0.4545454680919647,1.0,0.5454545617103577],"66":[0.0,0.3636363744735718,0.09090909361839295,0.4545454680919647],"67":[0.09090909361839295,0.3636363744735718,0.1818181872367859,0.4545454680919647],"68":[0.1818181872367859,0.3636363744735718,0.27272728085517886,0.4545454680919647],"69":[0.27272728085517886,0.3636363744735718,0.3636363744735718,0.4545454680919647],"70":[0.3636363744735718,0.3636363744735718,0.4545454680919647,0.4545454680919647],"71":[0.4545454680919647,0.3636363744735718,0.5454545617103577,0.4545454680919647],"72":[0.5454545617103577,0.3636363744735718,0.6363636255264282,0.4545454680919647],"73":[0.6363636255264282,0.3636363744735718,0.7272727489471436,0.4545454680919647],"74":[0.7272727489471436,0.3636363744735718,0.8181818723678589,0.4545454680919647],"75":[0.8181818723678589,0.3636363744735718,0.9090909361839294,0.4545454680919647],"76":[0.9090909361839294,0.3636363744735718,1.0,0.4545454680919647],"77":[0.0,0.27272728085517886,0.09090909361839295,0.3636363744735718],"78":[0.09090909361839295,0.27272728085517886,0.1818181872367859,0.3636363744735718],"79":[0.1818181872367859,0.27272728085517886,0.27272728085517886,0.3636363744735718],"80":[0.27272728085517886,0.27272728085517886,0.3636363744735718,0.3636363744735718],"81":[0.3636363744735718,0.27272728085517886,0.4545454680919647,0.3636363744735718],"82":[0.4545454680919647,0.27272728085517886,0.5454545617103577,0.3636363744735718],"83":[0.5454545617103577,0.27272728085517886,0.6363636255264282,0.3636363744735718],"84":[0.6363636255264282,0.27272728085517886,0.7272727489471436,0.3636363744735718],"85":[0.7272727489471436,0.27272728085517886,0.8181818723678589,0.3636363744735718],"86":[0.8181818723678589,0.27272728085517886,0.9090909361839294,0.3636363744735718],"87":[0.9090909361839294,0.27272728085517886,1.0,0.3636363744735718],"88":[0.0,0.1818181872367859,0.09090909361839295,0.27272728085517886],"89":[0.09090909361839295,0.1818181872367859,0.1818181872367859,0.27272728085517886],"90":[0.1818181872367859,0.1818181872367859,0.27272728085517886,0.27272728085517886],"91":[0.27272728085517886,0.1818181872367859,0.3636363744735718,0.27272728085517886],"92":[0.3636363744735718,0.1818181872367859,0.4545454680919647,0.27272728085517886],"93":[0.4545454680919647,0.1818181872367859,0.5454545617103577,0.27272728085517886],"94":[0.5454545617103577,0.1818181872367859,0.6363636255264282,0.27272728085517886],"95":[0.6363636255264282,0.1818181872367859,0.7272727489471436,0.27272728085517886],"96":[0.7272727489471436,0.1818181872367859,0.8181818723678589,0.27272728085517886],"97":[0.8181818723678589,0.1818181872367859,0.9090909361839294,0.27272728085517886],"98":[0.9090909361839294,0.1818181872367859,1.0,0.27272728085517886],"99":[0.0,0.09090909361839295,0.09090909361839295,0.1818181872367859],