{"SpriteSheetName":"Character_Impact_spark_sprite.png","NoofFrames":20,"0":[0.0,0.75,0.20000000298023225,1.0],"1":[0.20000000298023225,0.75,0.4000000059604645,1.0],"2":[0.4000000059604645,0.75,0.6000000238418579,1.0],"3":[0.6000000238418579,0.75,0.800000011920929,1.0],"4":[0.800000011920929,0.75,1.0,1.0],"5":[0.0,0.5,0.20000000298023225,0.75],"6":[0.20000000298023225,0.5,0.4000000059604645,0.75],"7":[0.4000000059604645,0.5,0.6000000238418579,0.75],"8":[0.6000000238418579,0.5,0.800000011920929,0.75],"9":[0.800000011920929,0.5,1.0,0.75],"10":[0.0,0.25,0.20000000298023225,0.5],"11":[0.20000000298023225,0.25,0.4000000059604645,0.5],"12":[0.4000000059604645,0.25,0.6000000238418579,0.5],"13":[0.6000000238418579,0.25,0.800000011920929,0.5],"14":[0.800000011920929,0.25,1.0,0.5],"15":[0.0,0.0,0.20000000298023225,0.25],"16":[0.20000000298023225,0.0,0.4000000059604645,0.25],"17":[0.4000000059604645,0.0,0.6000000238418579,0.25],"18":[0.6000000238418579,0.0,0.800000011920929,0.25],"19":[0.800000011920929,0.0,1.0,0.25]}