{"SpriteSheetName":"Character_muzzle_attack_sprite_2.png",
"NoofFrames":9,
"0":[0.0,0.6666666865348816,0.3333333432674408,1.0],
"1":[0.3333333432674408,0.6666666865348816,0.6666666865348816,1.0],
"2":[0.6666666865348816,0.6666666865348816,1.0,1.0],
"3":[0.0,0.3333333432674408,0.3333333432674408,0.6666666865348816],
"4":[0.3333333432674408,0.3333333432674408,0.6666666865348816,0.6666666865348816],
"5":[0.6666666865348816,0.3333333432674408,1.0,0.6666666865348816],
"6":[0.0,0.0,0.3333333432674408,0.3333333432674408],
"7":[0.3333333432674408,0.0,0.6666666865348816,0.3333333432674408],
"8":[0.6666666865348816,0.0,1.0,0.3333333432674408]}