{"SpriteSheetName":"Charging_enemies2_sprite.png","NoofFrames":127,"0":[0.0,0.9090909361839294,0.0833333358168602,1.0],"1":[0.0833333358168602,0.9090909361839294,0.1666666716337204,1.0],"2":[0.1666666716337204,0.9090909361839294,0.25,1.0],"3":[0.25,0.9090909361839294,0.3333333432674408,1.0],"4":[0.3333333432674408,0.9090909361839294,0.4166666865348816,1.0],"5":[0.4166666865348816,0.9090909361839294,0.5,1.0],"6":[0.5,0.9090909361839294,0.5833333730697632,1.0],"7":[0.5833333730697632,0.9090909361839294,0.6666666865348816,1.0],"8":[0.6666666865348816,0.9090909361839294,0.75,1.0],"9":[0.75,0.9090909361839294,0.8333333730697632,1.0],"10":[0.8333333730697632,0.9090909361839294,0.9166666865348816,1.0],"11":[0.9166666865348816,0.9090909361839294,1.0,1.0],"12":[0.0,0.8181818723678589,0.0833333358168602,0.9090909361839294],"13":[0.0833333358168602,0.8181818723678589,0.1666666716337204,0.9090909361839294],"14":[0.1666666716337204,0.8181818723678589,0.25,0.9090909361839294],"15":[0.25,0.8181818723678589,0.3333333432674408,0.9090909361839294],"16":[0.3333333432674408,0.8181818723678589,0.4166666865348816,0.9090909361839294],"17":[0.4166666865348816,0.8181818723678589,0.5,0.9090909361839294],"18":[0.5,0.8181818723678589,0.5833333730697632,0.9090909361839294],"19":[0.5833333730697632,0.8181818723678589,0.6666666865348816,0.9090909361839294],"20":[0.6666666865348816,0.8181818723678589,0.75,0.9090909361839294],"21":[0.75,0.8181818723678589,0.8333333730697632,0.9090909361839294],"22":[0.8333333730697632,0.8181818723678589,0.9166666865348816,0.9090909361839294],"23":[0.9166666865348816,0.8181818723678589,1.0,0.9090909361839294],"24":[0.0,0.7272727489471436,0.0833333358168602,0.8181818723678589],"25":[0.0833333358168602,0.7272727489471436,0.1666666716337204,0.8181818723678589],"26":[0.1666666716337204,0.7272727489471436,0.25,0.8181818723678589],"27":[0.25,0.7272727489471436,0.3333333432674408,0.8181818723678589],"28":[0.3333333432674408,0.7272727489471436,0.4166666865348816,0.8181818723678589],"29":[0.4166666865348816,0.7272727489471436,0.5,0.8181818723678589],"30":[0.5,0.7272727489471436,0.5833333730697632,0.8181818723678589],"31":[0.5833333730697632,0.7272727489471436,0.6666666865348816,0.8181818723678589],"32":[0.6666666865348816,0.7272727489471436,0.75,0.8181818723678589],"33":[0.75,0.7272727489471436,0.8333333730697632,0.8181818723678589],"34":[0.8333333730697632,0.7272727489471436,0.9166666865348816,0.8181818723678589],"35":[0.9166666865348816,0.7272727489471436,1.0,0.8181818723678589],"36":[0.0,0.6363636255264282,0.0833333358168602,0.7272727489471436],"37":[0.0833333358168602,0.6363636255264282,0.1666666716337204,0.7272727489471436],"38":[0.1666666716337204,0.6363636255264282,0.25,0.7272727489471436],"39":[0.25,0.6363636255264282,0.3333333432674408,0.7272727489471436],"40":[0.3333333432674408,0.6363636255264282,0.4166666865348816,0.7272727489471436],"41":[0.4166666865348816,0.6363636255264282,0.5,0.7272727489471436],"42":[0.5,0.6363636255264282,0.5833333730697632,0.7272727489471436],"43":[0.5833333730697632,0.6363636255264282,0.6666666865348816,0.7272727489471436],"44":[0.6666666865348816,0.6363636255264282,0.75,0.7272727489471436],"45":[0.75,0.6363636255264282,0.8333333730697632,0.7272727489471436],"46":[0.8333333730697632,0.6363636255264282,0.9166666865348816,0.7272727489471436],"47":[0.9166666865348816,0.6363636255264282,1.0,0.7272727489471436],"48":[0.0,0.5454545617103577,0.0833333358168602,0.6363636255264282],"49":[0.0833333358168602,0.5454545617103577,0.1666666716337204,0.6363636255264282],"50":[0.1666666716337204,0.5454545617103577,0.25,0.6363636255264282],"51":[0.25,0.5454545617103577,0.3333333432674408,0.6363636255264282],"52":[0.3333333432674408,0.5454545617103577,0.4166666865348816,0.6363636255264282],"53":[0.4166666865348816,0.5454545617103577,0.5,0.6363636255264282],"54":[0.5,0.5454545617103577,0.5833333730697632,0.6363636255264282],"55":[0.5833333730697632,0.5454545617103577,0.6666666865348816,0.6363636255264282],"56":[0.6666666865348816,0.5454545617103577,0.75,0.6363636255264282],"57":[0.75,0.5454545617103577,0.8333333730697632,0.6363636255264282],"58":[0.8333333730697632,0.5454545617103577,0.9166666865348816,0.6363636255264282],"59":[0.9166666865348816,0.5454545617103577,1.0,0.6363636255264282],"60":[0.0,0.4545454680919647,0.0833333358168602,0.5454545617103577],"61":[0.0833333358168602,0.4545454680919647,0.1666666716337204,0.5454545617103577],"62":[0.1666666716337204,0.4545454680919647,0.25,0.5454545617103577],"63":[0.25,0.4545454680919647,0.3333333432674408,0.5454545617103577],"64":[0.3333333432674408,0.4545454680919647,0.4166666865348816,0.5454545617103577],"65":[0.4166666865348816,0.4545454680919647,0.5,0.5454545617103577],"66":[0.5,0.4545454680919647,0.5833333730697632,0.5454545617103577],"67":[0.5833333730697632,0.4545454680919647,0.6666666865348816,0.5454545617103577],"68":[0.6666666865348816,0.4545454680919647,0.75,0.5454545617103577],"69":[0.75,0.4545454680919647,0.8333333730697632,0.5454545617103577],"70":[0.8333333730697632,0.4545454680919647,0.9166666865348816,0.5454545617103577],"71":[0.9166666865348816,0.4545454680919647,1.0,0.5454545617103577],"72":[0.0,0.3636363744735718,0.0833333358168602,0.4545454680919647],"73":[0.0833333358168602,0.3636363744735718,0.1666666716337204,0.4545454680919647],"74":[0.1666666716337204,0.3636363744735718,0.25,0.4545454680919647],"75":[0.25,0.3636363744735718,0.3333333432674408,0.4545454680919647],"76":[0.3333333432674408,0.3636363744735718,0.4166666865348816,0.4545454680919647],"77":[0.4166666865348816,0.3636363744735718,0.5,0.4545454680919647],"78":[0.5,0.3636363744735718,0.5833333730697632,0.4545454680919647],"79":[0.5833333730697632,0.3636363744735718,0.6666666865348816,0.4545454680919647],"80":[0.6666666865348816,0.3636363744735718,0.75,0.4545454680919647],"81":[0.75,0.3636363744735718,0.8333333730697632,0.4545454680919647],"82":[0.8333333730697632,0.3636363744735718,0.9166666865348816,0.4545454680919647],"83":[0.9166666865348816,0.3636363744735718,1.0,0.4545454680919647],"84":[0.0,0.27272728085517886,0.0833333358168602,0.3636363744735718],"85":[0.0833333358168602,0.27272728085517886,0.1666666716337204,0.3636363744735718],"86":[0.1666666716337204,0.27272728085517886,0.25,0.3636363744735718],"87":[0.25,0.27272728085517886,0.3333333432674408,0.3636363744735718],"88":[0.3333333432674408,0.27272728085517886,0.4166666865348816,0.3636363744735718],"89":[0.4166666865348816,0.27272728085517886,0.5,0.3636363744735718],"90":[0.5,0.27272728085517886,0.5833333730697632,0.3636363744735718],"91":[0.5833333730697632,0.27272728085517886,0.6666666865348816,0.3636363744735718],"92":[0.6666666865348816,0.27272728085517886,0.75,0.3636363744735718],"93":[0.75,0.27272728085517886,0.8333333730697632,0.3636363744735718],"94":[0.8333333730697632,0.27272728085517886,0.9166666865348816,0.3636363744735718],"95":[0.9166666865348816,0.27272728085517886,1.0,0.3636363744735718],"96":[0.0,0.1818181872367859,0.0833333358168602,0.27272728085517886],"97":[0.0833333358168602,0.1818181872367859,0.1666666716337204,0.27272728085517886],"98":[0.1666666716337204,0.1818181872367859,0.25,0.27272728085517886],"99":[0.25,0.1818181872367859,0.3333333432674408,0.27272728085517886],"100":[0.3333333432674408,0.1818181872367859,0.4166666865348816,0.27272728085517886],"101":[0.4166666865348816,0.1818181872367859,0.5,0.27272728085517886],"102":[0.5,0.1818181872367859,0.5833333730697632,0.27272728085517886],"103":[0.5833333730697632,0.1818181872367859,0.6666666865348816,0.27272728085517886],"104":[0.6666666865348816,0.1818181872367859,0.75,0.27272728085517886],"105":[0.75,0.1818181872367859,0.8333333730697632,0.27272728085517886],"106":[0.8333333730697632,0.1818181872367859,0.9166666865348816,0.27272728085517886],"107":[0.9166666865348816,0.1818181872367859,1.0,0.27272728085517886],"108":[0.0,0.09090909361839295,0.0833333358168602,0.1818181872367859],"109":[0.0833333358168602,0.09090909361839295,0.1666666716337204,0.1818181872367859],