{"SpriteSheetName":"Electricity_Body_Sprite.png","NoofFrames":17,"0":[0.0,0.6666666865348816,0.1666666716337204,1.0],"1":[0.1666666716337204,0.6666666865348816,0.3333333432674408,1.0],"2":[0.3333333432674408,0.6666666865348816,0.5,1.0],"3":[0.5,0.6666666865348816,0.6666666865348816,1.0],"4":[0.6666666865348816,0.6666666865348816,0.8333333730697632,1.0],"5":[0.8333333730697632,0.6666666865348816,1.0,1.0],"6":[0.0,0.3333333432674408,0.1666666716337204,0.6666666865348816],"7":[0.1666666716337204,0.3333333432674408,0.3333333432674408,0.6666666865348816],"8":[0.3333333432674408,0.3333333432674408,0.5,0.6666666865348816],"9":[0.5,0.3333333432674408,0.6666666865348816,0.6666666865348816],"10":[0.6666666865348816,0.3333333432674408,0.8333333730697632,0.6666666865348816],"11":[0.8333333730697632,0.3333333432674408,1.0,0.6666666865348816],"12":[0.0,0.0,0.1666666716337204,0.3333333432674408],"13":[0.1666666716337204,0.0,0.3333333432674408,0.3333333432674408],"14":[0.3333333432674408,0.0,0.5,0.3333333432674408],"15":[0.5,0.0,0.6666666865348816,0.3333333432674408],"16":[0.6666666865348816,0.0,0.8333333730697632,0.3333333432674408]}