{"SpriteSheetName":"Explosion_sprite.png","NoofFrames":48,"0":[0.0,0.875,0.1428571492433548,1.0],"1":[0.1428571492433548,0.875,0.2857142984867096,1.0],"2":[0.2857142984867096,0.875,0.4285714626312256,1.0],"3":[0.4285714626312256,0.875,0.5714285969734192,1.0],"4":[0.5714285969734192,0.875,0.7142857313156128,1.0],"5":[0.7142857313156128,0.875,0.8571429252624512,1.0],"6":[0.8571429252624512,0.875,1.0,1.0],"7":[0.0,0.75,0.1428571492433548,0.875],"8":[0.1428571492433548,0.75,0.2857142984867096,0.875],"9":[0.2857142984867096,0.75,0.4285714626312256,0.875],"10":[0.4285714626312256,0.75,0.5714285969734192,0.875],"11":[0.5714285969734192,0.75,0.7142857313156128,0.875],"12":[0.7142857313156128,0.75,0.8571429252624512,0.875],"13":[0.8571429252624512,0.75,1.0,0.875],"14":[0.0,0.625,0.1428571492433548,0.75],"15":[0.1428571492433548,0.625,0.2857142984867096,0.75],"16":[0.2857142984867096,0.625,0.4285714626312256,0.75],"17":[0.4285714626312256,0.625,0.5714285969734192,0.75],"18":[0.5714285969734192,0.625,0.7142857313156128,0.75],"19":[0.7142857313156128,0.625,0.8571429252624512,0.75],"20":[0.8571429252624512,0.625,1.0,0.75],"21":[0.0,0.5,0.1428571492433548,0.625],"22":[0.1428571492433548,0.5,0.2857142984867096,0.625],"23":[0.2857142984867096,0.5,0.4285714626312256,0.625],"24":[0.4285714626312256,0.5,0.5714285969734192,0.625],"25":[0.5714285969734192,0.5,0.7142857313156128,0.625],"26":[0.7142857313156128,0.5,0.8571429252624512,0.625],"27":[0.8571429252624512,0.5,1.0,0.625],"28":[0.0,0.375,0.1428571492433548,0.5],"29":[0.1428571492433548,0.375,0.2857142984867096,0.5],"30":[0.2857142984867096,0.375,0.4285714626312256,0.5],"31":[0.4285714626312256,0.375,0.5714285969734192,0.5],"32":[0.5714285969734192,0.375,0.7142857313156128,0.5],"33":[0.7142857313156128,0.375,0.8571429252624512,0.5],"34":[0.8571429252624512,0.375,1.0,0.5],"35":[0.0,0.25,0.1428571492433548,0.375],"36":[0.1428571492433548,0.25,0.2857142984867096,0.375],"37":[0.2857142984867096,0.25,0.4285714626312256,0.375],"38":[0.4285714626312256,0.25,0.5714285969734192,0.375],"39":[0.5714285969734192,0.25,0.7142857313156128,0.375],"40":[0.7142857313156128,0.25,0.8571429252624512,0.375],"41":[0.8571429252624512,0.25,1.0,0.375],"42":[0.0,0.125,0.1428571492433548,0.25],"43":[0.1428571492433548,0.125,0.2857142984867096,0.25],"44":[0.2857142984867096,0.125,0.4285714626312256,0.25],"45":[0.4285714626312256,0.125,0.5714285969734192,0.25],"46":[0.5714285969734192,0.125,0.7142857313156128,0.25],"47":[0.7142857313156128,0.125,0.8571429252624512,0.25]}