{"SpriteSheetName":"Explosion_sprite.png","NoofFrames":47,"0":[0.0,0.8571429252624512,0.1428571492433548,1.0],"1":[0.1428571492433548,0.8571429252624512,0.2857142984867096,1.0],"2":[0.2857142984867096,0.8571429252624512,0.4285714626312256,1.0],"3":[0.4285714626312256,0.8571429252624512,0.5714285969734192,1.0],"4":[0.5714285969734192,0.8571429252624512,0.7142857313156128,1.0],"5":[0.7142857313156128,0.8571429252624512,0.8571429252624512,1.0],"6":[0.8571429252624512,0.8571429252624512,1.0,1.0],"7":[0.0,0.7142857313156128,0.1428571492433548,0.8571429252624512],"8":[0.1428571492433548,0.7142857313156128,0.2857142984867096,0.8571429252624512],"9":[0.2857142984867096,0.7142857313156128,0.4285714626312256,0.8571429252624512],"10":[0.4285714626312256,0.7142857313156128,0.5714285969734192,0.8571429252624512],"11":[0.5714285969734192,0.7142857313156128,0.7142857313156128,0.8571429252624512],"12":[0.7142857313156128,0.7142857313156128,0.8571429252624512,0.8571429252624512],"13":[0.8571429252624512,0.7142857313156128,1.0,0.8571429252624512],"14":[0.0,0.5714285969734192,0.1428571492433548,0.7142857313156128],"15":[0.1428571492433548,0.5714285969734192,0.2857142984867096,0.7142857313156128],"16":[0.2857142984867096,0.5714285969734192,0.4285714626312256,0.7142857313156128],"17":[0.4285714626312256,0.5714285969734192,0.5714285969734192,0.7142857313156128],"18":[0.5714285969734192,0.5714285969734192,0.7142857313156128,0.7142857313156128],"19":[0.7142857313156128,0.5714285969734192,0.8571429252624512,0.7142857313156128],"20":[0.8571429252624512,0.5714285969734192,1.0,0.7142857313156128],"21":[0.0,0.4285714626312256,0.1428571492433548,0.5714285969734192],"22":[0.1428571492433548,0.4285714626312256,0.2857142984867096,0.5714285969734192],"23":[0.2857142984867096,0.4285714626312256,0.4285714626312256,0.5714285969734192],"24":[0.4285714626312256,0.4285714626312256,0.5714285969734192,0.5714285969734192],"25":[0.5714285969734192,0.4285714626312256,0.7142857313156128,0.5714285969734192],"26":[0.7142857313156128,0.4285714626312256,0.8571429252624512,0.5714285969734192],"27":[0.8571429252624512,0.4285714626312256,1.0,0.5714285969734192],"28":[0.0,0.2857142984867096,0.1428571492433548,0.4285714626312256],"29":[0.1428571492433548,0.2857142984867096,0.2857142984867096,0.4285714626312256],"30":[0.2857142984867096,0.2857142984867096,0.4285714626312256,0.4285714626312256],"31":[0.4285714626312256,0.2857142984867096,0.5714285969734192,0.4285714626312256],"32":[0.5714285969734192,0.2857142984867096,0.7142857313156128,0.4285714626312256],"33":[0.7142857313156128,0.2857142984867096,0.8571429252624512,0.4285714626312256],"34":[0.8571429252624512,0.2857142984867096,1.0,0.4285714626312256],"35":[0.0,0.1428571492433548,0.1428571492433548,0.2857142984867096],"36":[0.1428571492433548,0.1428571492433548,0.2857142984867096,0.2857142984867096],"37":[0.2857142984867096,0.1428571492433548,0.4285714626312256,0.2857142984867096],"38":[0.4285714626312256,0.1428571492433548,0.5714285969734192,0.2857142984867096],"39":[0.5714285969734192,0.1428571492433548,0.7142857313156128,0.2857142984867096],"40":[0.7142857313156128,0.1428571492433548,0.8571429252624512,0.2857142984867096],"41":[0.8571429252624512,0.1428571492433548,1.0,0.2857142984867096],"42":[0.0,0.0,0.1428571492433548,0.1428571492433548],"43":[0.1428571492433548,0.0,0.2857142984867096,0.1428571492433548],"44":[0.2857142984867096,0.0,0.4285714626312256,0.1428571492433548],"45":[0.4285714626312256,0.0,0.5714285969734192,0.1428571492433548],"46":[0.5714285969734192,0.0,0.7142857313156128,0.1428571492433548]}