{"SpriteSheetName":"Healing_sparkles_sprite.png","NoofFrames":25,"0":[0.0,0.800000011920929,0.20000000298023225,1.0],"1":[0.20000000298023225,0.800000011920929,0.4000000059604645,1.0],"2":[0.4000000059604645,0.800000011920929,0.6000000238418579,1.0],"3":[0.6000000238418579,0.800000011920929,0.800000011920929,1.0],"4":[0.800000011920929,0.800000011920929,1.0,1.0],"5":[0.0,0.6000000238418579,0.20000000298023225,0.800000011920929],"6":[0.20000000298023225,0.6000000238418579,0.4000000059604645,0.800000011920929],"7":[0.4000000059604645,0.6000000238418579,0.6000000238418579,0.800000011920929],"8":[0.6000000238418579,0.6000000238418579,0.800000011920929,0.800000011920929],"9":[0.800000011920929,0.6000000238418579,1.0,0.800000011920929],"10":[0.0,0.4000000059604645,0.20000000298023225,0.6000000238418579],"11":[0.20000000298023225,0.4000000059604645,0.4000000059604645,0.6000000238418579],"12":[0.4000000059604645,0.4000000059604645,0.6000000238418579,0.6000000238418579],"13":[0.6000000238418579,0.4000000059604645,0.800000011920929,0.6000000238418579],"14":[0.800000011920929,0.4000000059604645,1.0,0.6000000238418579],"15":[0.0,0.20000000298023225,0.20000000298023225,0.4000000059604645],"16":[0.20000000298023225,0.20000000298023225,0.4000000059604645,0.4000000059604645],"17":[0.4000000059604645,0.20000000298023225,0.6000000238418579,0.4000000059604645],"18":[0.6000000238418579,0.20000000298023225,0.800000011920929,0.4000000059604645],"19":[0.800000011920929,0.20000000298023225,1.0,0.4000000059604645],"20":[0.0,0.0,0.20000000298023225,0.20000000298023225],"21":[0.20000000298023225,0.0,0.4000000059604645,0.20000000298023225],"22":[0.4000000059604645,0.0,0.6000000238418579,0.20000000298023225],"23":[0.6000000238418579,0.0,0.800000011920929,0.20000000298023225],"24":[0.800000011920929,0.0,1.0,0.20000000298023225]}