{"SpriteSheetName":"Smoke_Trail_sprite_small.png","NoofFrames":214,"0":[0.0,0.9333333969116211,0.06666667014360428,1.0],"1":[0.06666667014360428,0.9333333969116211,0.13333334028720857,1.0],"2":[0.13333334028720857,0.9333333969116211,0.20000001788139344,1.0],"3":[0.20000001788139344,0.9333333969116211,0.2666666805744171,1.0],"4":[0.2666666805744171,0.9333333969116211,0.3333333432674408,1.0],"5":[0.3333333432674408,0.9333333969116211,0.40000003576278689,1.0],"6":[0.40000003576278689,0.9333333969116211,0.46666669845581057,1.0],"7":[0.46666669845581057,0.9333333969116211,0.5333333611488342,1.0],"8":[0.5333333611488342,0.9333333969116211,0.6000000238418579,1.0],"9":[0.6000000238418579,0.9333333969116211,0.6666666865348816,1.0],"10":[0.6666666865348816,0.9333333969116211,0.7333333492279053,1.0],"11":[0.7333333492279053,0.9333333969116211,0.8000000715255737,1.0],"12":[0.8000000715255737,0.9333333969116211,0.8666667342185974,1.0],"13":[0.8666667342185974,0.9333333969116211,0.9333333969116211,1.0],"14":[0.9333333969116211,0.9333333969116211,1.0,1.0],"15":[0.0,0.8666667342185974,0.06666667014360428,0.9333333969116211],"16":[0.06666667014360428,0.8666667342185974,0.13333334028720857,0.9333333969116211],"17":[0.13333334028720857,0.8666667342185974,0.20000001788139344,0.9333333969116211],"18":[0.20000001788139344,0.8666667342185974,0.2666666805744171,0.9333333969116211],"19":[0.2666666805744171,0.8666667342185974,0.3333333432674408,0.9333333969116211],"20":[0.3333333432674408,0.8666667342185974,0.40000003576278689,0.9333333969116211],"21":[0.40000003576278689,0.8666667342185974,0.46666669845581057,0.9333333969116211],"22":[0.46666669845581057,0.8666667342185974,0.5333333611488342,0.9333333969116211],"23":[0.5333333611488342,0.8666667342185974,0.6000000238418579,0.9333333969116211],"24":[0.6000000238418579,0.8666667342185974,0.6666666865348816,0.9333333969116211],"25":[0.6666666865348816,0.8666667342185974,0.7333333492279053,0.9333333969116211],"26":[0.7333333492279053,0.8666667342185974,0.8000000715255737,0.9333333969116211],"27":[0.8000000715255737,0.8666667342185974,0.8666667342185974,0.9333333969116211],"28":[0.8666667342185974,0.8666667342185974,0.9333333969116211,0.9333333969116211],"29":[0.9333333969116211,0.8666667342185974,1.0,0.9333333969116211],"30":[0.0,0.8000000715255737,0.06666667014360428,0.8666667342185974],"31":[0.06666667014360428,0.8000000715255737,0.13333334028720857,0.8666667342185974],"32":[0.13333334028720857,0.8000000715255737,0.20000001788139344,0.8666667342185974],"33":[0.20000001788139344,0.8000000715255737,0.2666666805744171,0.8666667342185974],"34":[0.2666666805744171,0.8000000715255737,0.3333333432674408,0.8666667342185974],"35":[0.3333333432674408,0.8000000715255737,0.40000003576278689,0.8666667342185974],"36":[0.40000003576278689,0.8000000715255737,0.46666669845581057,0.8666667342185974],"37":[0.46666669845581057,0.8000000715255737,0.5333333611488342,0.8666667342185974],"38":[0.5333333611488342,0.8000000715255737,0.6000000238418579,0.8666667342185974],"39":[0.6000000238418579,0.8000000715255737,0.6666666865348816,0.8666667342185974],"40":[0.6666666865348816,0.8000000715255737,0.7333333492279053,0.8666667342185974],"41":[0.7333333492279053,0.8000000715255737,0.8000000715255737,0.8666667342185974],"42":[0.8000000715255737,0.8000000715255737,0.8666667342185974,0.8666667342185974],"43":[0.8666667342185974,0.8000000715255737,0.9333333969116211,0.8666667342185974],"44":[0.9333333969116211,0.8000000715255737,1.0,0.8666667342185974],"45":[0.0,0.7333333492279053,0.06666667014360428,0.8000000715255737],"46":[0.06666667014360428,0.7333333492279053,0.13333334028720857,0.8000000715255737],"47":[0.13333334028720857,0.7333333492279053,0.20000001788139344,0.8000000715255737],"48":[0.20000001788139344,0.7333333492279053,0.2666666805744171,0.8000000715255737],"49":[0.2666666805744171,0.7333333492279053,0.3333333432674408,0.8000000715255737],"50":[0.3333333432674408,0.7333333492279053,0.40000003576278689,0.8000000715255737],"51":[0.40000003576278689,0.7333333492279053,0.46666669845581057,0.8000000715255737],"52":[0.46666669845581057,0.7333333492279053,0.5333333611488342,0.8000000715255737],"53":[0.5333333611488342,0.7333333492279053,0.6000000238418579,0.8000000715255737],"54":[0.6000000238418579,0.7333333492279053,0.6666666865348816,0.8000000715255737],"55":[0.6666666865348816,0.7333333492279053,0.7333333492279053,0.8000000715255737],"56":[0.7333333492279053,0.7333333492279053,0.8000000715255737,0.8000000715255737],"57":[0.8000000715255737,0.7333333492279053,0.8666667342185974,0.8000000715255737],"58":[0.8666667342185974,0.7333333492279053,0.9333333969116211,0.8000000715255737],"59":[0.9333333969116211,0.7333333492279053,1.0,0.8000000715255737],"60":[0.0,0.6666666865348816,0.06666667014360428,0.7333333492279053],"61":[0.06666667014360428,0.6666666865348816,0.13333334028720857,0.7333333492279053],"62":[0.13333334028720857,0.6666666865348816,0.20000001788139344,0.7333333492279053],"63":[0.20000001788139344,0.6666666865348816,0.2666666805744171,0.7333333492279053],"64":[0.2666666805744171,0.6666666865348816,0.3333333432674408,0.7333333492279053],"65":[0.3333333432674408,0.6666666865348816,0.40000003576278689,0.7333333492279053],"66":[0.40000003576278689,0.6666666865348816,0.46666669845581057,0.7333333492279053],"67":[0.46666669845581057,0.6666666865348816,0.5333333611488342,0.7333333492279053],"68":[0.5333333611488342,0.6666666865348816,0.6000000238418579,0.7333333492279053],"69":[0.6000000238418579,0.6666666865348816,0.6666666865348816,0.7333333492279053],"70":[0.6666666865348816,0.6666666865348816,0.7333333492279053,0.7333333492279053],"71":[0.7333333492279053,0.6666666865348816,0.8000000715255737,0.7333333492279053],"72":[0.8000000715255737,0.6666666865348816,0.8666667342185974,0.7333333492279053],"73":[0.8666667342185974,0.6666666865348816,0.9333333969116211,0.7333333492279053],"74":[0.9333333969116211,0.6666666865348816,1.0,0.7333333492279053],"75":[0.0,0.6000000238418579,0.06666667014360428,0.6666666865348816],"76":[0.06666667014360428,0.6000000238418579,0.13333334028720857,0.6666666865348816],"77":[0.13333334028720857,0.6000000238418579,0.20000001788139344,0.6666666865348816],"78":[0.20000001788139344,0.6000000238418579,0.2666666805744171,0.6666666865348816],"79":[0.2666666805744171,0.6000000238418579,0.3333333432674408,0.6666666865348816],"80":[0.3333333432674408,0.6000000238418579,0.40000003576278689,0.6666666865348816],"81":[0.40000003576278689,0.6000000238418579,0.46666669845581057,0.6666666865348816],"82":[0.46666669845581057,0.6000000238418579,0.5333333611488342,0.6666666865348816],"83":[0.5333333611488342,0.6000000238418579,0.6000000238418579,0.6666666865348816],"84":[0.6000000238418579,0.6000000238418579,0.6666666865348816,0.6666666865348816],"85":[0.6666666865348816,0.6000000238418579,0.7333333492279053,0.6666666865348816],"86":[0.7333333492279053,0.6000000238418579,0.8000000715255737,0.6666666865348816],"87":[0.8000000715255737,0.6000000238418579,0.8666667342185974,0.6666666865348816],"88":[0.8666667342185974,0.6000000238418579,0.9333333969116211,0.6666666865348816],"89":[0.9333333969116211,0.6000000238418579,1.0,0.6666666865348816],"90":[0.0,0.5333333611488342,0.06666667014360428,0.6000000238418579],"91":[0.06666667014360428,0.5333333611488342,0.13333334028720857,0.6000000238418579],"92":[0.13333334028720857,0.5333333611488342,0.20000001788139344,0.6000000238418579],"93":[0.20000001788139344,0.5333333611488342,0.2666666805744171,0.6000000238418579],"94":[0.2666666805744171,0.5333333611488342,0.3333333432674408,0.6000000238418579],"95":[0.3333333432674408,0.5333333611488342,0.40000003576278689,0.6000000238418579],"96":[0.40000003576278689,0.5333333611488342,0.46666669845581057,0.6000000238418579],"97":[0.46666669845581057,0.5333333611488342,0.5333333611488342,0.6000000238418579],"98":[0.5333333611488342,0.5333333611488342,0.6000000238418579,0.6000000238418579],