{"SpriteSheetName":"Spark_sprite_WithEmptyFrame.png","NoofFrames":81,"0":[0.0,0.8888888955116272,0.1111111119389534,1.0],"1":[0.1111111119389534,0.8888888955116272,0.2222222238779068,1.0],"2":[0.2222222238779068,0.8888888955116272,0.3333333432674408,1.0],"3":[0.3333333432674408,0.8888888955116272,0.4444444477558136,1.0],"4":[0.4444444477558136,0.8888888955116272,0.5555555820465088,1.0],"5":[0.5555555820465088,0.8888888955116272,0.6666666865348816,1.0],"6":[0.6666666865348816,0.8888888955116272,0.7777777910232544,1.0],"7":[0.7777777910232544,0.8888888955116272,0.8888888955116272,1.0],"8":[0.8888888955116272,0.8888888955116272,1.0,1.0],"9":[0.0,0.7777777910232544,0.1111111119389534,0.8888888955116272],"10":[0.1111111119389534,0.7777777910232544,0.2222222238779068,0.8888888955116272],"11":[0.2222222238779068,0.7777777910232544,0.3333333432674408,0.8888888955116272],"12":[0.3333333432674408,0.7777777910232544,0.4444444477558136,0.8888888955116272],"13":[0.4444444477558136,0.7777777910232544,0.5555555820465088,0.8888888955116272],"14":[0.5555555820465088,0.7777777910232544,0.6666666865348816,0.8888888955116272],"15":[0.6666666865348816,0.7777777910232544,0.7777777910232544,0.8888888955116272],"16":[0.7777777910232544,0.7777777910232544,0.8888888955116272,0.8888888955116272],"17":[0.8888888955116272,0.7777777910232544,1.0,0.8888888955116272],"18":[0.0,0.6666666865348816,0.1111111119389534,0.7777777910232544],"19":[0.1111111119389534,0.6666666865348816,0.2222222238779068,0.7777777910232544],"20":[0.2222222238779068,0.6666666865348816,0.3333333432674408,0.7777777910232544],"21":[0.3333333432674408,0.6666666865348816,0.4444444477558136,0.7777777910232544],"22":[0.4444444477558136,0.6666666865348816,0.5555555820465088,0.7777777910232544],"23":[0.5555555820465088,0.6666666865348816,0.6666666865348816,0.7777777910232544],"24":[0.6666666865348816,0.6666666865348816,0.7777777910232544,0.7777777910232544],"25":[0.7777777910232544,0.6666666865348816,0.8888888955116272,0.7777777910232544],"26":[0.8888888955116272,0.6666666865348816,1.0,0.7777777910232544],"27":[0.0,0.5555555820465088,0.1111111119389534,0.6666666865348816],"28":[0.1111111119389534,0.5555555820465088,0.2222222238779068,0.6666666865348816],"29":[0.2222222238779068,0.5555555820465088,0.3333333432674408,0.6666666865348816],"30":[0.3333333432674408,0.5555555820465088,0.4444444477558136,0.6666666865348816],"31":[0.4444444477558136,0.5555555820465088,0.5555555820465088,0.6666666865348816],"32":[0.5555555820465088,0.5555555820465088,0.6666666865348816,0.6666666865348816],"33":[0.6666666865348816,0.5555555820465088,0.7777777910232544,0.6666666865348816],"34":[0.7777777910232544,0.5555555820465088,0.8888888955116272,0.6666666865348816],"35":[0.8888888955116272,0.5555555820465088,1.0,0.6666666865348816],"36":[0.0,0.4444444477558136,0.1111111119389534,0.5555555820465088],"37":[0.1111111119389534,0.4444444477558136,0.2222222238779068,0.5555555820465088],"38":[0.2222222238779068,0.4444444477558136,0.3333333432674408,0.5555555820465088],"39":[0.3333333432674408,0.4444444477558136,0.4444444477558136,0.5555555820465088],"40":[0.4444444477558136,0.4444444477558136,0.5555555820465088,0.5555555820465088],"41":[0.5555555820465088,0.4444444477558136,0.6666666865348816,0.5555555820465088],"42":[0.6666666865348816,0.4444444477558136,0.7777777910232544,0.5555555820465088],"43":[0.7777777910232544,0.4444444477558136,0.8888888955116272,0.5555555820465088],"44":[0.8888888955116272,0.4444444477558136,1.0,0.5555555820465088],"45":[0.0,0.3333333432674408,0.1111111119389534,0.4444444477558136],"46":[0.1111111119389534,0.3333333432674408,0.2222222238779068,0.4444444477558136],"47":[0.2222222238779068,0.3333333432674408,0.3333333432674408,0.4444444477558136],"48":[0.3333333432674408,0.3333333432674408,0.4444444477558136,0.4444444477558136],"49":[0.4444444477558136,0.3333333432674408,0.5555555820465088,0.4444444477558136],"50":[0.5555555820465088,0.3333333432674408,0.6666666865348816,0.4444444477558136],"51":[0.6666666865348816,0.3333333432674408,0.7777777910232544,0.4444444477558136],"52":[0.7777777910232544,0.3333333432674408,0.8888888955116272,0.4444444477558136],"53":[0.8888888955116272,0.3333333432674408,1.0,0.4444444477558136],"54":[0.0,0.2222222238779068,0.1111111119389534,0.3333333432674408],"55":[0.1111111119389534,0.2222222238779068,0.2222222238779068,0.3333333432674408],"56":[0.2222222238779068,0.2222222238779068,0.3333333432674408,0.3333333432674408],"57":[0.3333333432674408,0.2222222238779068,0.4444444477558136,0.3333333432674408],"58":[0.4444444477558136,0.2222222238779068,0.5555555820465088,0.3333333432674408],"59":[0.5555555820465088,0.2222222238779068,0.6666666865348816,0.3333333432674408],"60":[0.6666666865348816,0.2222222238779068,0.7777777910232544,0.3333333432674408],"61":[0.7777777910232544,0.2222222238779068,0.8888888955116272,0.3333333432674408],"62":[0.8888888955116272,0.2222222238779068,1.0,0.3333333432674408],"63":[0.0,0.1111111119389534,0.1111111119389534,0.2222222238779068],"64":[0.1111111119389534,0.1111111119389534,0.2222222238779068,0.2222222238779068],"65":[0.2222222238779068,0.1111111119389534,0.3333333432674408,0.2222222238779068],"66":[0.3333333432674408,0.1111111119389534,0.4444444477558136,0.2222222238779068],"67":[0.4444444477558136,0.1111111119389534,0.5555555820465088,0.2222222238779068],"68":[0.5555555820465088,0.1111111119389534,0.6666666865348816,0.2222222238779068],"69":[0.6666666865348816,0.1111111119389534,0.7777777910232544,0.2222222238779068],"70":[0.7777777910232544,0.1111111119389534,0.8888888955116272,0.2222222238779068],"71":[0.8888888955116272,0.1111111119389534,1.0,0.2222222238779068],"72":[0.0,0.0,0.1111111119389534,0.1111111119389534],"73":[0.1111111119389534,0.0,0.2222222238779068,0.1111111119389534],"74":[0.2222222238779068,0.0,0.3333333432674408,0.1111111119389534],"75":[0.3333333432674408,0.0,0.4444444477558136,0.1111111119389534],"76":[0.4444444477558136,0.0,0.5555555820465088,0.1111111119389534],"77":[0.5555555820465088,0.0,0.6666666865348816,0.1111111119389534],"78":[0.6666666865348816,0.0,0.7777777910232544,0.1111111119389534],"79":[0.7777777910232544,0.0,0.8888888955116272,0.1111111119389534],"80":[0.8888888955116272,0.0,1.0,0.1111111119389534]}