{
  "currFullscreen": false,
  "currResolution": [ 1280.0, 720.0, 0.0 ],
  "currMasterSound": 1.0,
  "currMusic": 0.4000000059604645,
  "currSFX": 0.30000001192092898

}